City,Tax_Revenue,Non_Tax_Revenue,Property_Tax,Octroi_Grants,Water_Charges,Sanitation_Charges,Business_Tax,Tax_Non_Tax_Ratio,Property_Tax_Share
Ahmedabad,9500,6002,2500,3600,1300,1130,970,1.582805731422859,16.126951361114696
Vadodara,3800,2420,950,1400,520,450,380,1.5702479338842976,15.27331189710611
Surat,6100,3904,2000,2800,850,750,700,1.5625,19.99200319872051
Rajkot,1900,1212,450,700,260,230,190,1.5676567656765676,14.460154241645245
Bhavnagar,520,330,130,200,70,60,50,1.5757575757575757,15.294117647058824
Gandhinagar,400,250,100,150,50,45,40,1.6,15.384615384615385
